,ROSTER_CHANGE_INTERVAL,PROB_INCREASE_WINS,PROB_INCREASE_PLAYOFF_WINS,AVG_INCREASE_WINS,AVG_INCREASE_PLAYOFF_WINS
0,"[0.0, 0.1)",1.0,0.0,3.0,
1,"[0.1, 0.2)",0.7,0.7,6.0,3.7142857142857144
2,"[0.2, 0.3)",0.9411764705882353,0.35294117647058826,6.9375,6.166666666666667
3,"[0.3, 0.4)",0.8717948717948718,0.48717948717948717,6.764705882352941,6.157894736842105
4,"[0.4, 0.5)",0.7727272727272727,0.45454545454545453,7.921568627450981,4.833333333333333
5,"[0.5, 0.6)",0.8,0.3333333333333333,6.791666666666667,3.4
6,"[0.6, 0.7)",0.6923076923076923,0.28205128205128205,7.2592592592592595,4.090909090909091
7,"[0.7, 0.8)",0.7777777777777778,0.2222222222222222,6.571428571428571,4.0
